{
  "t": [
    196,
    192,
    188,
    184,
    180,
    176,
    172,
    168,
    164,
    160,
    156,
    152,
    148,
    144,
    140,
    136,
    132,
    128,
    124,
    120,
    116,
    112,
    108,
    104,
    100,
    96,
    92,
    88,
    84,
    80,
    76,
    72,
    68,
    64,
    60,
    56,
    52,
    48,
    44,
    40,
    36,
    32,
    28,
    24,
    20,
    16,
    12,
    8,
    4,
    0
  ],
  "r_t": [
    -0.3800736963748932,
    -0.30604827404022217,
    -0.298844575881958,
    -0.26666608452796936,
    -0.2872839868068695,
    -0.30435386300086975,
    -0.3050643503665924,
    -0.27940472960472107,
    -0.2746643126010895,
    -0.20974159240722656,
    -0.2097495049238205,
    -0.21109746396541595,
    -0.1521255373954773,
    -0.15015190839767456,
    -0.14520438015460968,
    -0.11528689414262772,
    -0.12372808903455734,
    -0.1051967442035675,
    -0.08734602481126785,
    -0.09554024040699005,
    -0.07995907217264175,
    -0.07080822438001633,
    -0.06939789652824402,
    -0.04965454712510109,
    -0.041449353098869324,
    -0.03757735714316368,
    -0.027947504073381424,
    -0.022848429158329964,
    -0.01845003105700016,
    -0.015211605466902256,
    -0.01439541857689619,
    -0.010419744998216629,
    -0.0071998778730630875,
    -0.004998432006686926,
    -0.0030627534724771976,
    -0.00205620052292943,
    -0.0008252604748122394,
    -0.0011522581335157156,
    -0.001152876764535904,
    -0.0016051145503297448,
    -0.0009090888779610395,
    -0.00025262616691179574,
    -0.000919719401281327,
    -0.0004509912396315485,
    -0.00020359351765364408,
    -0.0002479218237567693,
    -7.874333823565394e-05,
    -9.234754543285817e-05,
    -5.323673758539371e-05,
    -3.330982872284949e-05
  ],
  "e_t_norm": [
    0.6416410803794861,
    0.45585039258003235,
    0.49294257164001465,
    0.47962385416030884,
    0.4384171962738037,
    0.4508947432041168,
    0.3517906665802002,
    0.335761159658432,
    0.3072030544281006,
    0.29641085863113403,
    0.3220987021923065,
    0.34297263622283936,
    0.35080987215042114,
    0.34497106075286865,
    0.34637635946273804,
    0.361963152885437,
    0.3721550405025482,
    0.37508106231689453,
    0.36772653460502625,
    0.36488091945648193,
    0.35992369055747986,
    0.3610568046569824,
    0.36098402738571167,
    0.35263359546661377,
    0.35323163866996765,
    0.3494473695755005,
    0.340990275144577,
    0.3395203948020935,
    0.3366558253765106,
    0.32894936203956604,
    0.33569926023483276,
    0.33685702085494995,
    0.34021100401878357,
    0.34650498628616333,
    0.35226970911026,
    0.351009726524353,
    0.34841978549957275,
    0.3555818796157837,
    0.35737717151641846,
    0.35962480306625366,
    0.35880106687545776,
    0.3576054871082306,
    0.36609694361686707,
    0.36185553669929504,
    0.36193764209747314,
    0.3613615930080414,
    0.3581676781177521,
    0.35596734285354614,
    0.35719847679138184,
    0.35679739713668823
  ],
  "u_t_norm": [
    0.0038504330441355705,
    0.004412482026964426,
    0.00566512905061245,
    0.006604485213756561,
    0.0072428579442203045,
    0.007983778603374958,
    0.007817697711288929,
    0.00757939089089632,
    0.007515600882470608,
    0.0069535281509160995,
    0.0066460976377129555,
    0.0065035331062972546,
    0.0059303902089595795,
    0.005475573241710663,
    0.005065619014203548,
    0.0044825077056884766,
    0.004124792758375406,
    0.0036799318622797728,
    0.003192114643752575,
    0.0028106439858675003,
    0.0024393852800130844,
    0.002095433883368969,
    0.001793683972209692,
    0.001475936733186245,
    0.001223914441652596,
    0.000976652605459094,
    0.0007690117345191538,
    0.0006311684264801443,
    0.0005698672612197697,
    0.000595357152633369,
    0.0006529667880386114,
    0.0006476858397945762,
    0.0005751211429014802,
    0.00047312714741565287,
    0.00030359579250216484,
    0.00021749298321083188,
    0.0001538379001431167,
    0.00020836759358644485,
    0.0003467773203738034,
    0.0004628236929420382,
    0.0005411628517322242,
    0.0006241389201022685,
    0.0007502679363824427,
    0.0008338176412507892,
    0.0009351084590889513,
    0.0009964945493265986,
    0.0010420136386528611,
    0.001091944519430399,
    0.0011675761779770255,
    0.001078323577530682
  ],
  "I_t_norm": [
    0.019915668293833733,
    0.03207222372293472,
    0.044244252145290375,
    0.054734643548727036,
    0.06282012164592743,
    0.07037816196680069,
    0.07271599769592285,
    0.07238081842660904,
    0.07188618928194046,
    0.06852670013904572,
    0.06539449840784073,
    0.0633121132850647,
    0.059204768389463425,
    0.05494074150919914,
    0.05088697001338005,
    0.04590652137994766,
    0.04186510667204857,
    0.03769068047404289,
    0.03320848569273949,
    0.029216326773166656,
    0.02549688331782818,
    0.02204551175236702,
    0.018948981538414955,
    0.01589432917535305,
    0.01321367733180523,
    0.010713549330830574,
    0.008544936776161194,
    0.006866340525448322,
    0.005815207492560148,
    0.005562805105000734,
    0.0058753578923642635,
    0.0060018799267709255,
    0.00565312011167407,
    0.004937903955578804,
    0.0036797754000872374,
    0.0026735453866422176,
    0.0017714090645313263,
    0.0013671237975358963,
    0.002337414538487792,
    0.0034552225843071938,
    0.0043789963237941265,
    0.005231384187936783,
    0.006231389939785004,
    0.007105699274688959,
    0.007983636111021042,
    0.00866650976240635,
    0.009174940176308155,
    0.009574346244335175,
    0.009890768676996231,
    0.010155527852475643
  ],
  "mse_t": [
    1.6630018949508667,
    1.6697132587432861,
    1.670883297920227,
    1.6711710691452026,
    1.6712055206298828,
    1.6709458827972412,
    1.6712212562561035,
    1.671532392501831,
    1.6715399026870728,
    1.6721030473709106,
    1.6721692085266113,
    1.6719725131988525,
    1.6725051403045654,
    1.672680377960205,
    1.6729472875595093,
    1.673654556274414,
    1.6735104322433472,
    1.6739003658294678,
    1.6753493547439575,
    1.6756709814071655,
    1.6763511896133423,
    1.676819086074829,
    1.6766631603240967,
    1.6779224872589111,
    1.6794053316116333,
    1.680686116218567,
    1.6820645332336426,
    1.683955430984497,
    1.6861592531204224,
    1.6887627840042114,
    1.6910065412521362,
    1.6926175355911255,
    1.693699598312378,
    1.6941546201705933,
    1.6950958967208862,
    1.6956125497817993,
    1.6966910362243652,
    1.6977481842041016,
    1.6980946063995361,
    1.6984115839004517,
    1.6983153820037842,
    1.6991543769836426,
    1.6980780363082886,
    1.6969283819198608,
    1.6979787349700928,
    1.6968408823013306,
    1.6952745914459229,
    1.6926720142364502,
    1.6882189512252808,
    1.6882851123809814
  ],